[{"model": "admin.logentry", "pk": 1, "fields": {"action_time": "2025-01-14T14:20:29.818Z", "user": 1, "content_type": 8, "object_id": "2", "object_repr": "Barbie", "action_flag": 1, "change_message": "[{\"added\": {}}]"}}, {"model": "auth.permission", "pk": 1, "fields": {"name": "Can add log entry", "content_type": 1, "codename": "add_logentry"}}, {"model": "auth.permission", "pk": 2, "fields": {"name": "Can change log entry", "content_type": 1, "codename": "change_logentry"}}, {"model": "auth.permission", "pk": 3, "fields": {"name": "Can delete log entry", "content_type": 1, "codename": "delete_logentry"}}, {"model": "auth.permission", "pk": 4, "fields": {"name": "Can view log entry", "content_type": 1, "codename": "view_logentry"}}, {"model": "auth.permission", "pk": 5, "fields": {"name": "Can add permission", "content_type": 2, "codename": "add_permission"}}, {"model": "auth.permission", "pk": 6, "fields": {"name": "Can change permission", "content_type": 2, "codename": "change_permission"}}, {"model": "auth.permission", "pk": 7, "fields": {"name": "Can delete permission", "content_type": 2, "codename": "delete_permission"}}, {"model": "auth.permission", "pk": 8, "fields": {"name": "Can view permission", "content_type": 2, "codename": "view_permission"}}, {"model": "auth.permission", "pk": 9, "fields": {"name": "Can add group", "content_type": 3, "codename": "add_group"}}, {"model": "auth.permission", "pk": 10, "fields": {"name": "Can change group", "content_type": 3, "codename": "change_group"}}, {"model": "auth.permission", "pk": 11, "fields": {"name": "Can delete group", "content_type": 3, "codename": "delete_group"}}, {"model": "auth.permission", "pk": 12, "fields": {"name": "Can view group", "content_type": 3, "codename": "view_group"}}, {"model": "auth.permission", "pk": 13, "fields": {"name": "Can add content type", "content_type": 4, "codename": "add_contenttype"}}, {"model": "auth.permission", "pk": 14, "fields": {"name": "Can change content type", "content_type": 4, "codename": "change_contenttype"}}, {"model": "auth.permission", "pk": 15, "fields": {"name": "Can delete content type", "content_type": 4, "codename": "delete_contenttype"}}, {"model": "auth.permission", "pk": 16, "fields": {"name": "Can view content type", "content_type": 4, "codename": "view_contenttype"}}, {"model": "auth.permission", "pk": 17, "fields": {"name": "Can add session", "content_type": 5, "codename": "add_session"}}, {"model": "auth.permission", "pk": 18, "fields": {"name": "Can change session", "content_type": 5, "codename": "change_session"}}, {"model": "auth.permission", "pk": 19, "fields": {"name": "Can delete session", "content_type": 5, "codename": "delete_session"}}, {"model": "auth.permission", "pk": 20, "fields": {"name": "Can view session", "content_type": 5, "codename": "view_session"}}, {"model": "auth.permission", "pk": 21, "fields": {"name": "Can add activity", "content_type": 6, "codename": "add_activity"}}, {"model": "auth.permission", "pk": 22, "fields": {"name": "Can change activity", "content_type": 6, "codename": "change_activity"}}, {"model": "auth.permission", "pk": 23, "fields": {"name": "Can delete activity", "content_type": 6, "codename": "delete_activity"}}, {"model": "auth.permission", "pk": 24, "fields": {"name": "Can view activity", "content_type": 6, "codename": "view_activity"}}, {"model": "auth.permission", "pk": 25, "fields": {"name": "Can add destination", "content_type": 7, "codename": "add_destination"}}, {"model": "auth.permission", "pk": 26, "fields": {"name": "Can change destination", "content_type": 7, "codename": "change_destination"}}, {"model": "auth.permission", "pk": 27, "fields": {"name": "Can delete destination", "content_type": 7, "codename": "delete_destination"}}, {"model": "auth.permission", "pk": 28, "fields": {"name": "Can view destination", "content_type": 7, "codename": "view_destination"}}, {"model": "auth.permission", "pk": 29, "fields": {"name": "Can add user", "content_type": 8, "codename": "add_customuser"}}, {"model": "auth.permission", "pk": 30, "fields": {"name": "Can change user", "content_type": 8, "codename": "change_customuser"}}, {"model": "auth.permission", "pk": 31, "fields": {"name": "Can delete user", "content_type": 8, "codename": "delete_customuser"}}, {"model": "auth.permission", "pk": 32, "fields": {"name": "Can view user", "content_type": 8, "codename": "view_customuser"}}, {"model": "auth.permission", "pk": 33, "fields": {"name": "Can add travel plan", "content_type": 9, "codename": "add_travelplan"}}, {"model": "auth.permission", "pk": 34, "fields": {"name": "Can change travel plan", "content_type": 9, "codename": "change_travelplan"}}, {"model": "auth.permission", "pk": 35, "fields": {"name": "Can delete travel plan", "content_type": 9, "codename": "delete_travelplan"}}, {"model": "auth.permission", "pk": 36, "fields": {"name": "Can view travel plan", "content_type": 9, "codename": "view_travelplan"}}, {"model": "auth.permission", "pk": 37, "fields": {"name": "Can add comment", "content_type": 10, "codename": "add_comment"}}, {"model": "auth.permission", "pk": 38, "fields": {"name": "Can change comment", "content_type": 10, "codename": "change_comment"}}, {"model": "auth.permission", "pk": 39, "fields": {"name": "Can delete comment", "content_type": 10, "codename": "delete_comment"}}, {"model": "auth.permission", "pk": 40, "fields": {"name": "Can view comment", "content_type": 10, "codename": "view_comment"}}, {"model": "auth.permission", "pk": 41, "fields": {"name": "Can add Token", "content_type": 11, "codename": "add_token"}}, {"model": "auth.permission", "pk": 42, "fields": {"name": "Can change Token", "content_type": 11, "codename": "change_token"}}, {"model": "auth.permission", "pk": 43, "fields": {"name": "Can delete Token", "content_type": 11, "codename": "delete_token"}}, {"model": "auth.permission", "pk": 44, "fields": {"name": "Can view Token", "content_type": 11, "codename": "view_token"}}, {"model": "auth.permission", "pk": 45, "fields": {"name": "Can add Token", "content_type": 12, "codename": "add_tokenproxy"}}, {"model": "auth.permission", "pk": 46, "fields": {"name": "Can change Token", "content_type": 12, "codename": "change_tokenproxy"}}, {"model": "auth.permission", "pk": 47, "fields": {"name": "Can delete Token", "content_type": 12, "codename": "delete_tokenproxy"}}, {"model": "auth.permission", "pk": 48, "fields": {"name": "Can view Token", "content_type": 12, "codename": "view_tokenproxy"}}, {"model": "contenttypes.contenttype", "pk": 1, "fields": {"app_label": "admin", "model": "logentry"}}, {"model": "contenttypes.contenttype", "pk": 2, "fields": {"app_label": "auth", "model": "permission"}}, {"model": "contenttypes.contenttype", "pk": 3, "fields": {"app_label": "auth", "model": "group"}}, {"model": "contenttypes.contenttype", "pk": 4, "fields": {"app_label": "contenttypes", "model": "contenttype"}}, {"model": "contenttypes.contenttype", "pk": 5, "fields": {"app_label": "sessions", "model": "session"}}, {"model": "contenttypes.contenttype", "pk": 6, "fields": {"app_label": "travel_planner_api", "model": "activity"}}, {"model": "contenttypes.contenttype", "pk": 7, "fields": {"app_label": "travel_planner_api", "model": "destination"}}, {"model": "contenttypes.contenttype", "pk": 8, "fields": {"app_label": "travel_planner_api", "model": "customuser"}}, {"model": "contenttypes.contenttype", "pk": 9, "fields": {"app_label": "travel_planner_api", "model": "travelplan"}}, {"model": "contenttypes.contenttype", "pk": 10, "fields": {"app_label": "travel_planner_api", "model": "comment"}}, {"model": "contenttypes.contenttype", "pk": 11, "fields": {"app_label": "authtoken", "model": "token"}}, {"model": "contenttypes.contenttype", "pk": 12, "fields": {"app_label": "authtoken", "model": "tokenproxy"}}, {"model": "sessions.session", "pk": "72gh5z8abfarpld60oky7fbdvpu681h7", "fields": {"session_data": ".eJxVjEEOwiAQRe_C2pDMCLTj0r1nIAwMUjWQlHbVeHdt0oVu_3vvb8qHdSl-7TL7KamLQnX63TjEp9QdpEeo96Zjq8s8sd4VfdCuby3J63q4fwcl9PKtB7CRkmMjZGU0Fojc2TBkzAMgMjAFQCt5pCgIJDGxMDJzluASqvcH2XU4mQ:1tY4MC:qHkLbCr2GvRQc-8ZmZ3T526_ZsqddYEV_m9Nu73H-gc", "expire_date": "2025-01-29T14:26:56.233Z"}}, {"model": "sessions.session", "pk": "bca7x7wdo4amyo2dkl4nab8gn1u1mg4z", "fields": {"session_data": "e30:1tY3Yp:X67Lzx6wdbg4A3fN5vVpeoxGERCYKvEdCDpPRDeq03Q", "expire_date": "2025-01-29T13:35:55.203Z"}}, {"model": "sessions.session", "pk": "f1dfzqfng5nukyk4kzaqo200ojf5tusb", "fields": {"session_data": "e30:1tY3Ze:kSm4DmKDcf4izZXjOwk6JFln6nhWwY3pab90TCbdo3M", "expire_date": "2025-01-29T13:36:46.591Z"}}, {"model": "travel_planner_api.destination", "pk": 1, "fields": {"landmark": "Eiffel Tower", "country": "Germany"}}, {"model": "travel_planner_api.destination", "pk": 2, "fields": {"landmark": "Völkerschlachtdenkmal", "country": "Germany"}}, {"model": "travel_planner_api.destination", "pk": 3, "fields": {"landmark": "Great Wall", "country": "China"}}, {"model": "travel_planner_api.destination", "pk": 4, "fields": {"landmark": "Schloss Neu-Schwarnstein", "country": "Germany"}}, {"model": "travel_planner_api.destination", "pk": 5, "fields": {"landmark": "Sansouci", "country": "Germany"}}, {"model": "travel_planner_api.destination", "pk": 6, "fields": {"landmark": "Samarkand", "country": "Uzbekistan"}}, {"model": "travel_planner_api.destination", "pk": 11, "fields": {"landmark": "Statue of Liberty", "country": "USA"}}, {"model": "travel_planner_api.destination", "pk": 12, "fields": {"landmark": "Colosseum", "country": "Italy"}}, {"model": "travel_planner_api.destination", "pk": 13, "fields": {"landmark": "Christ the Redeemer", "country": "Brazil"}}, {"model": "travel_planner_api.destination", "pk": 14, "fields": {"landmark": "Machu Picchu", "country": "Peru"}}, {"model": "travel_planner_api.destination", "pk": 15, "fields": {"landmark": "Sydney Opera House", "country": "Australia"}}, {"model": "travel_planner_api.destination", "pk": 16, "fields": {"landmark": "Big Ben", "country": "UK"}}, {"model": "travel_planner_api.destination", "pk": 17, "fields": {"landmark": "Mount Fuji", "country": "Japan"}}, {"model": "travel_planner_api.customuser", "pk": 1, "fields": {"password": "pbkdf2_sha256$870000$lpuwBbtt6rP8vwMsnBgB1W$PGFHmLeuyvDYkc9LNjDWBHYV3AA5GdgikWAQ5Zwiyx0=", "last_login": "2025-01-15T13:21:20.893Z", "is_superuser": true, "username": "admin", "first_name": "", "last_name": "", "email": "admin@email.com", "is_staff": true, "is_active": true, "date_joined": "2025-01-14T14:18:15.961Z", "bio": null, "birthdate": null, "sex": "", "favourite_destination": null, "groups": [], "user_permissions": []}}, {"model": "travel_planner_api.customuser", "pk": 2, "fields": {"password": "pbkdf2_sha256$870000$LSgl2aD85PYisdtV10bgaW$EALWFphEP8Na1BrQPbOFW0T806SSi/8CcAdYwoz7eTY=", "last_login": "2025-01-15T14:26:56.227Z", "is_superuser": false, "username": "Barbie", "first_name": "Barbie", "last_name": "Kensbarbie", "email": "barbie@email.com", "is_staff": false, "is_active": true, "date_joined": "2025-01-14T14:18:36Z", "bio": "Barbie is a toy and the wife of Ken", "birthdate": "2024-12-01", "sex": "F", "favourite_destination": 1, "groups": [], "user_permissions": []}}, {"model": "travel_planner_api.customuser", "pk": 3, "fields": {"password": "pbkdf2_sha256$870000$OCassjRvO3TVbnvaNVQJdl$OK3bVtUTjoP6U2WaiCzfVYlWCCHAzEsb5o80XTOSrDc=", "last_login": null, "is_superuser": false, "username": "john_doe", "first_name": "John", "last_name": "Doe", "email": "john@example.com", "is_staff": false, "is_active": true, "date_joined": "2025-01-21T08:44:27.438Z", "bio": "Loves traveling", "birthdate": "1990-01-01", "sex": "M", "favourite_destination": 1, "groups": [], "user_permissions": []}}, {"model": "travel_planner_api.customuser", "pk": 4, "fields": {"password": "pbkdf2_sha256$870000$iaba1Df6INiJGJoqzp7g7G$Y+781On5jKxRzx/MvAgCxPeKdoNcmpbXXsRkHE8ktBw=", "last_login": null, "is_superuser": false, "username": "jane_smith", "first_name": "Jane", "last_name": "Smith", "email": "jane@example.com", "is_staff": false, "is_active": true, "date_joined": "2025-01-21T08:44:27.440Z", "bio": "Adventure enthusiast", "birthdate": "1985-05-05", "sex": "F", "favourite_destination": 2, "groups": [], "user_permissions": []}}, {"model": "travel_planner_api.customuser", "pk": 5, "fields": {"password": "pbkdf2_sha256$870000$waJXyI1tnyDpHLFzB3E7Ig$k7p0leowAvXZ1gANRnC14NmGPOs5/RhDXEL2PEV6Z58=", "last_login": null, "is_superuser": false, "username": "traveler_123", "first_name": "Alex", "last_name": "Wanderer", "email": "traveler@example.com", "is_staff": false, "is_active": true, "date_joined": "2025-01-21T08:44:27.440Z", "bio": "Exploring the world", "birthdate": "1992-07-10", "sex": "O", "favourite_destination": 3, "groups": [], "user_permissions": []}}, {"model": "travel_planner_api.customuser", "pk": 6, "fields": {"password": "pbkdf2_sha256$870000$HwVqK6DO4eWwMWbxmJHDNK$iyg9AVMe+BezHenvVufLdMZTjkDKqbIxLt0FwqXvR4I=", "last_login": null, "is_superuser": false, "username": "emma_watson", "first_name": "Emma", "last_name": "Watson", "email": "emma@example.com", "is_staff": false, "is_active": true, "date_joined": "2025-01-21T08:44:27.441Z", "bio": "", "birthdate": null, "sex": "F", "favourite_destination": 4, "groups": [], "user_permissions": []}}, {"model": "travel_planner_api.customuser", "pk": 7, "fields": {"password": "pbkdf2_sha256$870000$PCmKhri4u46S07l6HRjKg1$bU2uaPzqTOk+QTFiq10f6n/M2VQeiMfpSzBnfIa37Ns=", "last_login": null, "is_superuser": false, "username": "charlie_brown", "first_name": "Charlie", "last_name": "Brown", "email": "charlie@example.com", "is_staff": false, "is_active": true, "date_joined": "2025-01-21T08:44:27.441Z", "bio": "Avid photographer", "birthdate": "1988-11-23", "sex": "M", "favourite_destination": 5, "groups": [], "user_permissions": []}}, {"model": "travel_planner_api.customuser", "pk": 8, "fields": {"password": "pbkdf2_sha256$870000$MbVqj49WL26oTiLYRbGvpS$TI3Q+4kKMOTD9o70zEz784xdJp/UFyX5lDMi87EH0HU=", "last_login": null, "is_superuser": false, "username": "lucas", "first_name": "Lucas", "last_name": "Martinez", "email": "lucas@example.com", "is_staff": false, "is_active": true, "date_joined": "2025-01-21T08:44:27.442Z", "bio": "Food lover", "birthdate": "1995-03-15", "sex": "M", "favourite_destination": 6, "groups": [], "user_permissions": []}}, {"model": "travel_planner_api.customuser", "pk": 9, "fields": {"password": "pbkdf2_sha256$870000$aH0y0gcj9POsHboM9yoYLF$YJdxOB3+Mi25dQKYlYb3Er2qBIpQwloxviVWvAIXqyU=", "last_login": null, "is_superuser": false, "username": "sophie", "first_name": "Sophie", "last_name": "Meyer", "email": "sophie@example.com", "is_staff": false, "is_active": true, "date_joined": "2025-01-21T08:44:27.442Z", "bio": "History buff", "birthdate": "1993-08-25", "sex": "F", "favourite_destination": 11, "groups": [], "user_permissions": []}}, {"model": "travel_planner_api.customuser", "pk": 10, "fields": {"password": "pbkdf2_sha256$870000$hw5EtK3etObeTZxneqzmf5$0KCSqKXkMbCwh+ypaut8curircI2TazyAygrsA4Tczk=", "last_login": null, "is_superuser": false, "username": "mike_travel", "first_name": "Mike", "last_name": "Traveler", "email": "mike@example.com", "is_staff": false, "is_active": true, "date_joined": "2025-01-21T08:44:27.442Z", "bio": "Frequent flyer", "birthdate": null, "sex": "M", "favourite_destination": 12, "groups": [], "user_permissions": []}}, {"model": "travel_planner_api.customuser", "pk": 11, "fields": {"password": "pbkdf2_sha256$870000$61l0A0zRhvczzQ8VX6q9qk$1KzTJf2mStYdXm/msulhU+KQZIVh/aMoPgQEoplwn6I=", "last_login": null, "is_superuser": false, "username": "ashley", "first_name": "Ashley", "last_name": "Smith", "email": "ashley@example.com", "is_staff": false, "is_active": true, "date_joined": "2025-01-21T08:44:27.443Z", "bio": "Nature lover", "birthdate": "1987-12-20", "sex": "F", "favourite_destination": 13, "groups": [], "user_permissions": []}}, {"model": "travel_planner_api.customuser", "pk": 12, "fields": {"password": "pbkdf2_sha256$870000$B2SIVxMrMuvOKfpGWXyDmt$v+AfJYYEJcnAgY3D9NotjUEQ2vkNnxry5FSQmSHDbGs=", "last_login": null, "is_superuser": false, "username": "max", "first_name": "Max", "last_name": "Schneider", "email": "max@example.com", "is_staff": false, "is_active": true, "date_joined": "2025-01-21T08:44:27.443Z", "bio": "", "birthdate": null, "sex": "O", "favourite_destination": 14, "groups": [], "user_permissions": []}}, {"model": "travel_planner_api.activity", "pk": 1, "fields": {"activity_name": "Hiking", "description": "Exploring trails and mountains"}}, {"model": "travel_planner_api.activity", "pk": 2, "fields": {"activity_name": "Photography", "description": "Capturing moments"}}, {"model": "travel_planner_api.activity", "pk": 3, "fields": {"activity_name": "Scuba Diving", "description": "Underwater exploration"}}, {"model": "travel_planner_api.activity", "pk": 4, "fields": {"activity_name": "Sightseeing", "description": "Visiting landmarks"}}, {"model": "travel_planner_api.activity", "pk": 5, "fields": {"activity_name": "Cultural Tours", "description": "Learning about cultures"}}, {"model": "travel_planner_api.activity", "pk": 6, "fields": {"activity_name": "Shopping", "description": "Finding souvenirs"}}, {"model": "travel_planner_api.activity", "pk": 7, "fields": {"activity_name": "Food Tasting", "description": "Enjoying local cuisine"}}, {"model": "travel_planner_api.activity", "pk": 8, "fields": {"activity_name": "Paragliding", "description": "Flying above mountains"}}, {"model": "travel_planner_api.activity", "pk": 9, "fields": {"activity_name": "Skiing", "description": "Sliding down snow slopes"}}, {"model": "travel_planner_api.activity", "pk": 10, "fields": {"activity_name": "Beach Relaxation", "description": "Sunbathing on the beach"}}, {"model": "travel_planner_api.travelplan", "pk": 1, "fields": {"plan_name": "European Adventure", "user": 3, "destinations": [1, 5], "activities": [1, 4, 7]}}, {"model": "travel_planner_api.travelplan", "pk": 2, "fields": {"plan_name": "Asian Exploration", "user": 4, "destinations": [2, 3], "activities": [2, 3, 6]}}, {"model": "travel_planner_api.travelplan", "pk": 3, "fields": {"plan_name": "Historic Landmarks", "user": 9, "destinations": [11, 12], "activities": [4, 5]}}, {"model": "travel_planner_api.travelplan", "pk": 4, "fields": {"plan_name": "Adventure in South America", "user": 8, "destinations": [6], "activities": [1, 8]}}, {"model": "travel_planner_api.travelplan", "pk": 5, "fields": {"plan_name": "Oceania Relaxation", "user": 10, "destinations": [17], "activities": [10]}}, {"model": "travel_planner_api.comment", "pk": 1, "fields": {"comment_name": "Excited for Paris!", "text": "I can't wait to see the Eiffel Tower!", "user": 3, "destination": 1, "travel_plan": 1, "activity": 4}}, {"model": "travel_planner_api.comment", "pk": 2, "fields": {"comment_name": "Historic journey", "text": "The Colosseum is a must-see for history lovers.", "user": 9, "destination": 5, "travel_plan": 1, "activity": 5}}, {"model": "travel_planner_api.comment", "pk": 3, "fields": {"comment_name": "Underwater beauty", "text": "Scuba diving in Asia is breathtaking!", "user": 4, "destination": 3, "travel_plan": 2, "activity": 3}}, {"model": "travel_planner_api.comment", "pk": 4, "fields": {"comment_name": "Relaxation time", "text": "Looking forward to sunbathing in Oceania.", "user": 10, "destination": 5, "travel_plan": 5, "activity": 10}}, {"model": "travel_planner_api.comment", "pk": 5, "fields": {"comment_name": "Culture and cuisine", "text": "Exploring local culture and food is my favorite part of traveling.", "user": 8, "destination": 12, "travel_plan": 4, "activity": 7}}, {"model": "authtoken.token", "pk": "c7674aa3b7044060b51c39f0195b73aac653f1f7", "fields": {"user": 2, "created": "2025-01-15T14:26:56.230Z"}}]